,names,pvals,logfoldchanges,condition,cellline
8978983,FOSL1,2.829623933049537e-14,0.2440795302391052,imatinib,BT20
8978984,LPAR4,3.527507169627214e-14,-0.259439617395401,imatinib,BT20
8978985,ANXA9,8.024027452730195e-14,-0.1588034778833389,imatinib,BT20
8978986,PLA2G1B,1.1241132867772048e-11,-0.3447663486003876,imatinib,BT20
8978987,GRIK4,1.482409684797164e-11,-0.2545295059680938,imatinib,BT20
8978988,TMEM19,1.9583794149400607e-11,-0.2790136337280273,imatinib,BT20
8978989,OTUD4,1.9583794149400607e-11,0.2231513559818267,imatinib,BT20
8978990,U2SURP,2.1648807461878164e-11,0.1345729231834411,imatinib,BT20
8978991,ACOT11,2.697082884094456e-11,-0.1334402412176132,imatinib,BT20
8978992,DNAJC24,4.1391867493007236e-11,0.1836067736148834,imatinib,BT20
8978993,ZNF613,4.334345245309596e-11,-0.2718226611614227,imatinib,BT20
8978994,APOH,4.806953477782089e-11,-0.52076256275177,imatinib,BT20
8978995,TUSC3,6.005568407794103e-11,-0.2436775863170623,imatinib,BT20
8978996,RRAGD,6.421102480828666e-11,0.1753854602575302,imatinib,BT20
8978997,WNT4,7.692335830738744e-11,-0.291410893201828,imatinib,BT20
8978998,PCM1,8.288519934876141e-11,0.2294202148914337,imatinib,BT20
8978999,SPOCK3,9.075507769551264e-11,-0.3245790004730224,imatinib,BT20
8979000,ADAM15,9.253417485609564e-11,-0.2396928668022155,imatinib,BT20
8979001,CSTF1,1.0700893954789931e-10,-0.1514143794775009,imatinib,BT20
8979002,TNFRSF10B,1.1051427968997036e-10,0.1403846144676208,imatinib,BT20
8980983,NSDHL,7.498632042086646e-10,-0.1536401212215423,vemurafenib,BT20
8980984,PCK2,2.826583133796653e-09,0.1812687069177627,vemurafenib,BT20
8980985,SRM,8.515199280124808e-09,0.1497697830200195,vemurafenib,BT20
8980986,TCEA1,1.17562177403631e-08,0.1553474068641662,vemurafenib,BT20
8980987,SLC7A11,1.2449371344788433e-08,0.1007315665483474,vemurafenib,BT20
8980988,DHCR7,1.5001691070411726e-08,-0.1893511116504669,vemurafenib,BT20
8980989,DHCR24,1.772154441144249e-08,-0.0625147819519043,vemurafenib,BT20
8980990,PAK4,2.0196173456326186e-08,-0.1216946691274643,vemurafenib,BT20
8980991,SUOX,2.2890227882416946e-08,-0.1785662472248077,vemurafenib,BT20
8980992,RHOA,2.3440129136237965e-08,-0.1464468836784362,vemurafenib,BT20
8980993,SLC7A1,2.3645939075419313e-08,0.09003796428442,vemurafenib,BT20
8980994,SLC3A2,2.622398171763847e-08,0.1104324012994766,vemurafenib,BT20
8980995,TMPRSS2,3.360697590686215e-08,-0.0936234146356582,vemurafenib,BT20
8980996,LRRC8E,3.570278300881669e-08,-0.1291079670190811,vemurafenib,BT20
8980997,PLXNA2,5.597062162054967e-08,-0.1660236865282058,vemurafenib,BT20
8980998,EIF4EBP1,6.577486874260014e-08,0.0874039381742477,vemurafenib,BT20
8980999,CETN2,8.94290611245479e-08,-0.1209341958165168,vemurafenib,BT20
8981000,RAB27B,9.59763055795966e-08,-0.1736645996570587,vemurafenib,BT20
8981001,HSPA13,9.959995226086553e-08,0.109605424106121,vemurafenib,BT20
8981002,INTS5,1.3941496437229124e-07,-0.1346882730722427,vemurafenib,BT20
8982983,ATP1B1,3.409811744705337e-13,-0.2288956344127655,PIK-93,BT20
8982984,ANKRA2,3.485830977640708e-12,0.5014790296554565,PIK-93,BT20
8982985,GPM6B,3.878563130536785e-12,0.363543689250946,PIK-93,BT20
8982986,CDH9,4.296252903704935e-12,0.3971816301345825,PIK-93,BT20
8982987,GFOD1,5.5665607993328224e-12,-0.3146734535694122,PIK-93,BT20
8982988,MAGI1,6.9055791746193055e-12,0.3004504442214966,PIK-93,BT20
8982989,NPY2R,7.294540484192576e-12,0.2039832770824432,PIK-93,BT20
8982990,PDE8A,7.294540484192576e-12,0.2510381639003753,PIK-93,BT20
8982991,MIP,7.576315430839942e-12,0.440544456243515,PIK-93,BT20
8982992,MC3R,7.93521952158172e-12,0.4471318125724792,PIK-93,BT20
8982993,BTBD18,8.310767451018453e-12,0.3722271025180816,PIK-93,BT20
8982994,HCN4,1.0249152458671283e-11,0.4081429243087768,PIK-93,BT20
8982995,KCNJ1,1.0509634041456875e-11,0.370782196521759,PIK-93,BT20
8982996,SMAD4,1.095825218407206e-11,0.4407406747341156,PIK-93,BT20
8982997,F2RL3,1.1473409620951022e-11,0.41992849111557,PIK-93,BT20
8982998,EMX1,1.1473409620951022e-11,0.3140339851379394,PIK-93,BT20
8982999,SLC25A42,1.1666560708287272e-11,0.2871874868869781,PIK-93,BT20
8983000,XCR1,1.2575891767339208e-11,0.4952490329742431,PIK-93,BT20
8983001,IFNA2,1.4486792622792582e-11,0.372195303440094,PIK-93,BT20
8983002,CCNB1,1.5038486353187868e-11,0.107662908732891,PIK-93,BT20
8984983,SPAG7,2.1783199753700708e-11,-0.119365282356739,roscovitine,BT20
8984984,PGGHG,4.3118457011848917e-10,-0.1554209142923355,roscovitine,BT20
8984985,SCLY,4.5208108897809776e-10,0.1163433045148849,roscovitine,BT20
8984986,CNOT9,1.3581411496821236e-09,0.1567717641592025,roscovitine,BT20
8984987,ITGB1BP1,4.783826087182179e-09,0.0463597364723682,roscovitine,BT20
8984988,ATF6,8.236060131911139e-09,-0.0638680234551429,roscovitine,BT20
8984989,PRKAA1,1.0340212276817129e-08,-0.1208851858973503,roscovitine,BT20
8984990,RAP1GAP2,1.40136943424518e-08,0.1112164705991745,roscovitine,BT20
8984991,JOSD1,1.8896270420165065e-08,0.151401475071907,roscovitine,BT20
8984992,MEGF6,4.200954004636225e-08,0.1399459391832351,roscovitine,BT20
8984993,DUSP7,6.851250225392619e-08,0.1213971972465515,roscovitine,BT20
8984994,CTBP2,8.900390194532616e-08,0.177602618932724,roscovitine,BT20
8984995,CSNK1A1,1.28331142746566e-07,-0.1256796717643737,roscovitine,BT20
8984996,NAA50,1.4838066193552478e-07,0.1424621641635894,roscovitine,BT20
8984997,OXT,1.5787198507868054e-07,0.096845343708992,roscovitine,BT20
8984998,XPOT,2.081164099073001e-07,0.1771769374608993,roscovitine,BT20
8984999,ASAP2,2.153305431994617e-07,0.1385881602764129,roscovitine,BT20
8985000,IGF2BP2,2.2583756720340377e-07,0.2312255948781967,roscovitine,BT20
8985001,DAPP1,2.645603304725676e-07,0.1634994000196457,roscovitine,BT20
8985002,BLK,2.767538380082112e-07,0.1578262448310852,roscovitine,BT20
8986983,IER3,9.182211922853225e-30,-0.5154352188110352,PD-0325901,BT20
8986984,FOSL1,2.8611997924567115e-29,-0.9960261583328248,PD-0325901,BT20
8986985,DUSP4,9.622756480292051e-25,-0.8698596954345703,PD-0325901,BT20
8986986,LIF,1.2723162098045248e-21,-0.6581159830093384,PD-0325901,BT20
8986987,MYC,8.166096631646874e-19,-0.1618765741586685,PD-0325901,BT20
8986988,MAFF,2.036855866506808e-18,-0.3470102250576019,PD-0325901,BT20
8986989,SPRED2,3.044415414592484e-18,-0.3239534795284271,PD-0325901,BT20
8986990,ITPR3,3.782155261553084e-17,-0.2567164599895477,PD-0325901,BT20
8986991,AXL,2.956610717516409e-16,-0.2264076918363571,PD-0325901,BT20
8986992,TOE1,4.79768102100237e-16,-0.3940532505512237,PD-0325901,BT20
8986993,PLAUR,9.437623260888538e-16,-0.2057741284370422,PD-0325901,BT20
8986994,BAMBI,1.5004915081207422e-15,0.1295526474714279,PD-0325901,BT20
8986995,ST8SIA4,1.5921071544819192e-15,0.3651074171066284,PD-0325901,BT20
8986996,HMGA1,2.558216065893788e-15,-0.3399698734283447,PD-0325901,BT20
8986997,LDLR,9.914239805779328e-15,-0.3235803544521332,PD-0325901,BT20
8986998,PDCD4,1.0274908580752947e-14,0.2230672836303711,PD-0325901,BT20
8986999,SDC4,1.6677252799747073e-14,-0.1673319041728973,PD-0325901,BT20
8987000,DKK4,1.8952048593811583e-14,0.2534371316432953,PD-0325901,BT20
8987001,PDLIM5,5.4058981991498325e-14,-0.2251682728528976,PD-0325901,BT20
8987002,WIPI1,5.4268196630264473e-14,0.2030648440122604,PD-0325901,BT20
8988983,PLK4,4.755339758818335e-27,-0.4733975529670715,palbociclib,BT20
8988984,FBXO5,1.3243330628534026e-26,-0.4957764148712158,palbociclib,BT20
8988985,DTL,2.090363339137358e-26,-0.4760597348213196,palbociclib,BT20
8988986,KIF15,3.6365280592708677e-26,-0.689224123954773,palbociclib,BT20
8988987,PCNA,5.0735877626922886e-26,-0.1881183385848999,palbociclib,BT20
8988988,SPC25,6.441797874956334e-26,-0.4089973270893097,palbociclib,BT20
8988989,RAD51AP1,7.108418661679583e-26,-0.3739954233169555,palbociclib,BT20
8988990,CDC6,2.8984232860311457e-25,-0.6083504557609558,palbociclib,BT20
8988991,CDT1,1.0079445109488395e-24,-0.3485390543937683,palbociclib,BT20
8988992,AURKB,1.3240668341958581e-24,-0.3421655595302582,palbociclib,BT20
8988993,EXO1,1.3647564109882442e-24,-0.4459299743175506,palbociclib,BT20
8988994,KIF11,7.744739140152005e-24,-0.6079274415969849,palbociclib,BT20
8988995,FEN1,1.1681992170814629e-23,-0.4098373055458069,palbociclib,BT20
8988996,CHAF1A,1.1856482295859361e-23,-0.3221633434295654,palbociclib,BT20
8988997,MAD2L1,6.78411228412658e-23,-0.5050459504127502,palbociclib,BT20
8988998,ATAD2,7.771834215037484e-23,-0.4720031917095184,palbociclib,BT20
8988999,NDC80,8.001335231804775e-23,-0.3812669813632965,palbociclib,BT20
8989000,RBL1,8.277577036975748e-23,-0.4111288785934448,palbociclib,BT20
8989001,DSCC1,1.2368122727878724e-22,-0.633598804473877,palbociclib,BT20
8989002,KIF4A,1.6838338362414758e-22,-0.4357809424400329,palbociclib,BT20
8990983,ABHD4,1.11781492859352e-23,0.3818907737731933,selumetinib,BT20
8990984,BAMBI,4.5873963641375323e-23,0.1873790472745895,selumetinib,BT20
8990985,FOSL1,7.54898198754124e-23,-0.6833340525627136,selumetinib,BT20
8990986,DUSP4,5.052502664806835e-21,-0.5637863278388977,selumetinib,BT20
8990987,DUSP6,8.061646872929802e-15,-0.1782899796962738,selumetinib,BT20
8990988,EREG,8.777652657871559e-14,-0.5124794244766235,selumetinib,BT20
8990989,BRD8,1.70310255243537e-13,0.1626921147108078,selumetinib,BT20
8990990,AZGP1,2.321438884558375e-13,-0.3747535645961761,selumetinib,BT20
8990991,EPHA2,4.753920250472495e-13,-0.1615744084119796,selumetinib,BT20
8990992,NFE2L3,4.998576648774041e-13,-0.3147715032100677,selumetinib,BT20
8990993,NT5E,5.546084363862605e-13,-0.1372214406728744,selumetinib,BT20
8990994,ISCU,5.950708597286144e-13,0.1560601443052292,selumetinib,BT20
8990995,TLE1,7.764308170088566e-13,0.1556160748004913,selumetinib,BT20
8990996,COL4A1,9.470725524622913e-13,0.2081572413444519,selumetinib,BT20
8990997,HMOX1,1.3806254926737588e-12,0.1285631358623504,selumetinib,BT20
8990998,DAG1,3.445556775031368e-12,0.0881386920809745,selumetinib,BT20
8990999,KLHDC2,3.4827905461439375e-12,0.218651071190834,selumetinib,BT20
8991000,CDYL,5.616057558536333e-12,0.1992072165012359,selumetinib,BT20
8991001,HBEGF,1.0158514667976993e-11,-0.2679769694805145,selumetinib,BT20
8991002,GPR39,1.3721692861859447e-11,-0.1763536185026168,selumetinib,BT20
8992983,GTPBP10,1.8006094344065245e-15,-0.5775015354156494,quizartinib,BT20
8992984,PTTG2,2.909896652034775e-15,-0.5126305222511292,quizartinib,BT20
8992985,EIF4EBP1,3.86710584765468e-15,0.1659286320209503,quizartinib,BT20
8992986,MUSK,6.8367774320364865e-15,-0.516476035118103,quizartinib,BT20
8992987,POU1F1,7.774866898637606e-15,-0.6456214189529419,quizartinib,BT20
8992988,ABCD2,9.81173620757326e-15,-0.4523028433322906,quizartinib,BT20
8992989,CYSLTR1,1.1800741484344268e-14,-0.5326864123344421,quizartinib,BT20
8992990,LPAR4,1.5585953396187157e-14,-0.3120143115520477,quizartinib,BT20
8992991,HCRT,1.6032095729592262e-14,-0.5311368703842163,quizartinib,BT20
8992992,TLE1,1.606983640371039e-14,0.2244393974542617,quizartinib,BT20
8992993,MYEF2,1.6413459663226922e-14,-0.8773194551467896,quizartinib,BT20
8992994,GNPDA1,1.6607474504085872e-14,0.2781485319137573,quizartinib,BT20
8992995,NRDE2,1.68828908077559e-14,-0.4505334496498108,quizartinib,BT20
8992996,ZBTB33,2.1244778567448716e-14,-0.4701204895973205,quizartinib,BT20
8992997,ELOA2,2.5973444361312763e-14,-0.5490108728408813,quizartinib,BT20
8992998,KPNA5,2.7213567296888127e-14,-0.391348272562027,quizartinib,BT20
8992999,CFAP43,2.9871069988759256e-14,-0.5615572333335876,quizartinib,BT20
8993000,INSIG1,3.0860216719353373e-14,-0.3902833163738251,quizartinib,BT20
8993001,PRKCD,3.114869926224164e-14,-0.3379755020141601,quizartinib,BT20
8993002,MTHFD2,3.450240234409207e-14,0.0973995253443718,quizartinib,BT20
8994983,PEX11A,1.5795514685788517e-18,-0.6518928408622742,A-443654,BT20
8994984,ANKRD10,5.436232514834546e-18,0.4283246397972107,A-443654,BT20
8994985,COL4A1,2.790221502779777e-17,0.2649037539958954,A-443654,BT20
8994986,CLCC1,3.9940806812838856e-17,-0.3552172482013702,A-443654,BT20
8994987,ABHD4,1.1374859078827343e-16,0.4166623651981354,A-443654,BT20
8994988,MEAK7,2.850566162281289e-16,-0.2855403423309326,A-443654,BT20
8994989,RAB27B,3.0588955867677197e-16,-0.4894422888755798,A-443654,BT20
8994990,WDR3,3.0733058783857767e-16,-0.2521113157272339,A-443654,BT20
8994991,MRPL35,4.2077326077784055e-16,-0.2493253201246261,A-443654,BT20
8994992,CSTF1,1.1795738266915565e-15,-0.3651180565357208,A-443654,BT20
8994993,UPK3A,1.4643120580302853e-15,-0.3922675251960754,A-443654,BT20
8994994,HDAC5,1.7917298643059563e-15,0.3545765876770019,A-443654,BT20
8994995,RAD51D,2.1710977249051688e-15,-0.4941453337669372,A-443654,BT20
8994996,GLMN,2.751748697823209e-15,-0.313888281583786,A-443654,BT20
8994997,PEX13,3.139425223471537e-15,-0.3922573626041412,A-443654,BT20
8994998,SRSF3,3.391186309558841e-15,-0.3393516838550567,A-443654,BT20
8994999,PUS7L,4.449124425115941e-15,-0.5679413080215454,A-443654,BT20
8995000,KHDC4,4.913476664590895e-15,0.2218135297298431,A-443654,BT20
8995001,B4GALT7,7.804717675633836e-15,-0.2944189310073852,A-443654,BT20
8995002,CDIPT,1.0068057546904867e-14,0.2273315340280532,A-443654,BT20
8996983,CEBPD,1.8289300020578987e-27,0.2136176973581314,dasatinib,BT20
8996984,FOSL1,2.6378080990954246e-27,-0.6181793212890625,dasatinib,BT20
8996985,LDLR,2.6189146086055367e-21,-0.3179104626178741,dasatinib,BT20
8996986,TSC22D3,1.75141977160893e-18,0.2776974141597748,dasatinib,BT20
8996987,PPP1R15A,1.852294133432268e-18,-0.1535951793193817,dasatinib,BT20
8996988,VAV3,5.058803174710507e-18,0.2979250848293304,dasatinib,BT20
8996989,FHL2,1.2125207732487072e-17,-0.0781612396240234,dasatinib,BT20
8996990,SLC43A3,2.6437766443040184e-16,-0.1365227401256561,dasatinib,BT20
8996991,EPHA2,5.519175901800865e-16,-0.1878840327262878,dasatinib,BT20
8996992,JUN,1.1432112108655917e-15,-0.402729332447052,dasatinib,BT20
8996993,CCN1,1.6378976974263356e-15,-0.123490385711193,dasatinib,BT20
8996994,CAT,3.5154829018610684e-15,0.1553324311971664,dasatinib,BT20
8996995,KLHDC2,7.548830258662471e-15,0.2030545622110366,dasatinib,BT20
8996996,MAFF,2.250955842445976e-14,-0.2315049767494201,dasatinib,BT20
8996997,SH3BP5,3.544801069469681e-14,0.1180664151906967,dasatinib,BT20
8996998,HERC6,7.391454461253248e-14,0.2287274748086929,dasatinib,BT20
8996999,CLCF1,8.71504515129593e-14,-0.2891572713851928,dasatinib,BT20
8997000,CDC6,1.407771478623626e-13,-0.2585241794586181,dasatinib,BT20
8997001,PIR,1.9290826899096189e-13,0.1102453842759132,dasatinib,BT20
8997002,SRF,3.364634845820064e-13,-0.1890144646167755,dasatinib,BT20
8998983,JUN,1.22127809306541e-15,-0.5117785930633545,fostamatinib,BT20
8998984,RIT2,5.38000827303818e-13,-0.2641861736774444,fostamatinib,BT20
8998985,SEMA3E,6.574725755469899e-13,-0.2735093832015991,fostamatinib,BT20
8998986,CAMTA1,9.388812272892268e-13,-0.1785290688276291,fostamatinib,BT20
8998987,PCM1,1.4763361792229773e-12,0.2763135135173797,fostamatinib,BT20
8998988,BRD8,1.6348965487123694e-12,0.1494766026735305,fostamatinib,BT20
8998989,HERC5,1.672665056283636e-12,0.2143679559230804,fostamatinib,BT20
8998990,DDIT4,4.11516924212637e-12,0.2941641211509704,fostamatinib,BT20
8998991,PTHLH,5.130251045819225e-12,-0.3454242944717407,fostamatinib,BT20
8998992,TSKU,5.76550141908222e-12,0.170930802822113,fostamatinib,BT20
8998993,HMGCR,6.589411703517268e-12,-0.2121051400899887,fostamatinib,BT20
8998994,THPO,7.067680626068912e-12,-0.3647836744785309,fostamatinib,BT20
8998995,PTGDR,8.58348495987593e-12,-0.2712456285953522,fostamatinib,BT20
8998996,RRAGD,1.0940843196565748e-11,0.188006117939949,fostamatinib,BT20
8998997,RTN1,1.4046765645760164e-11,-0.2707678973674774,fostamatinib,BT20
8998998,PDE12,2.1078174792810915e-11,-0.3658071756362915,fostamatinib,BT20
8998999,RRAD,2.7513801002536e-11,-0.2083642929792404,fostamatinib,BT20
8999000,ZNF155,2.797443892607735e-11,-0.2006112784147262,fostamatinib,BT20
8999001,LBX1,2.8160800240882015e-11,-0.3354182541370392,fostamatinib,BT20
8999002,CNOT7,2.8348376581341007e-11,0.1979383379220962,fostamatinib,BT20
9000983,CHCHD3,9.687789888500796e-09,0.1488341689109802,crizotinib,BT20
9000984,SPRY2,1.1514850824693874e-08,0.0848717465996742,crizotinib,BT20
9000985,GEMIN6,1.953338768679232e-08,0.147261694073677,crizotinib,BT20
9000986,TRAFD1,3.9911461836820745e-08,-0.1493793278932571,crizotinib,BT20
9000987,TMBIM6,5.5555628949531145e-08,-0.1416281759738922,crizotinib,BT20
9000988,TIMP3,8.350172627449688e-08,-0.0857158675789833,crizotinib,BT20
9000989,MOCOS,9.288508141798349e-08,-0.1157856583595275,crizotinib,BT20
9000990,ITGB6,1.3349917567561722e-07,-0.1157599911093711,crizotinib,BT20
9000991,MRGBP,1.8224379196272215e-07,0.1401890516281128,crizotinib,BT20
9000992,DLGAP4,1.846280408009857e-07,0.1109919175505638,crizotinib,BT20
9000993,LIMD1,1.9424091249663585e-07,-0.2098545283079147,crizotinib,BT20
9000994,S100A13,2.1876074076506858e-07,0.078165665268898,crizotinib,BT20
9000995,CD34,2.405612821670382e-07,-0.1350567936897277,crizotinib,BT20
9000996,GEM,2.68495754513801e-07,0.1045111566781997,crizotinib,BT20
9000997,ORC5,2.7483107524685173e-07,0.1205156147480011,crizotinib,BT20
9000998,TMPRSS2,3.3873363943490825e-07,-0.0895009338855743,crizotinib,BT20
9000999,CHST7,3.881710460331627e-07,0.1356130242347717,crizotinib,BT20
9001000,ESRRA,4.149551917928652e-07,-0.0752243176102638,crizotinib,BT20
9001001,ATXN7L3B,4.643120986183189e-07,-0.1225120648741722,crizotinib,BT20
9001002,TERF2IP,5.643034598029671e-07,0.0499585941433906,crizotinib,BT20
9002983,IER3,9.353644080226738e-21,-0.6906751394271851,trametinib,BT20
9002984,FOSL1,1.604736350050679e-20,-1.002266526222229,trametinib,BT20
9002985,BAMBI,8.692056646180468e-18,0.1794474273920059,trametinib,BT20
9002986,MAFF,3.429753164751368e-16,-0.3972907364368438,trametinib,BT20
9002987,DUSP4,5.702869805587486e-16,-0.9430299997329712,trametinib,BT20
9002988,MYC,2.890164752419771e-15,-0.2074148505926132,trametinib,BT20
9002989,GABRA3,9.760968716969111e-15,0.4592690467834472,trametinib,BT20
9002990,PNP,1.1004876200078136e-14,-0.2406096011400222,trametinib,BT20
9002991,CCN2,2.2488334149530635e-13,-0.3619621098041534,trametinib,BT20
9002992,RAB6A,2.6579406329765333e-13,0.2314245253801345,trametinib,BT20
9002993,DVL3,4.818251508686289e-13,0.1885282397270202,trametinib,BT20
9002994,VGLL3,5.502846985645293e-13,0.2479363232851028,trametinib,BT20
9002995,OTUD7B,7.302551623123851e-13,0.3390351235866546,trametinib,BT20
9002996,AGMAT,7.712332539946179e-13,0.3969154953956604,trametinib,BT20
9002997,CD160,7.997972585333113e-13,0.5569979548454285,trametinib,BT20
9002998,HMGA1,2.562084809439528e-12,-0.3495925366878509,trametinib,BT20
9002999,COL4A5,2.720467490142292e-12,0.2285790890455246,trametinib,BT20
9003000,KRTAP5-9,2.7265142868603013e-12,0.4212569892406463,trametinib,BT20
9003001,GLP2R,3.540767909594419e-12,0.2848584949970245,trametinib,BT20
9003002,NUP85,3.684332668142819e-12,-0.0611258335411548,trametinib,BT20
9004983,AGMAT,5.720823685911207e-15,0.4154951274394989,ruxolitinib,BT20
9004984,GNAT3,1.8617887475835441e-13,0.4558360874652862,ruxolitinib,BT20
9004985,POU3F4,2.7993534108431213e-13,0.2512277960777282,ruxolitinib,BT20
9004986,WNT3,3.378030381498705e-13,0.3702461719512939,ruxolitinib,BT20
9004987,KCNE1,4.993557891444457e-13,0.4523994028568268,ruxolitinib,BT20
9004988,CRX,7.709637188572225e-13,0.3661409616470337,ruxolitinib,BT20
9004989,DOCK5,9.232866107489405e-13,0.44303098320961,ruxolitinib,BT20
9004990,SEC14L4,9.627400216668172e-13,0.3557040095329284,ruxolitinib,BT20
9004991,KRT35,1.201123060244008e-12,0.5207037925720215,ruxolitinib,BT20
9004992,RBMY2FP,1.2366518975334069e-12,0.4221791923046112,ruxolitinib,BT20
9004993,RFX3,1.547667082723052e-12,0.3322161436080932,ruxolitinib,BT20
9004994,HTR4,1.557320717364945e-12,0.3293817639350891,ruxolitinib,BT20
9004995,TACR1,1.8721855686699497e-12,0.4533309042453766,ruxolitinib,BT20
9004996,OPN1SW,2.338927794506947e-12,0.3794046938419342,ruxolitinib,BT20
9004997,MAGEC3,2.487688439479688e-12,0.6042065024375916,ruxolitinib,BT20
9004998,AP4E1,2.7678210843266024e-12,0.524686336517334,ruxolitinib,BT20
9004999,WRNIP1,2.979648811027901e-12,0.3175376355648041,ruxolitinib,BT20
9005000,SPACA1,3.2336804166073494e-12,0.313717782497406,ruxolitinib,BT20
9005001,GRIN2B,3.6253264089360723e-12,0.4550829529762268,ruxolitinib,BT20
9005002,MPL,4.055112172904104e-12,0.4489372074604034,ruxolitinib,BT20
9006983,COL4A1,4.757479055956413e-19,0.3166612982749939,alvocidib,BT20
9006984,CSTF1,4.771940460121537e-18,-0.6956403255462646,alvocidib,BT20
9006985,IMP3,9.707852032318994e-18,-0.6053054332733154,alvocidib,BT20
9006986,PEX11A,1.6616298399002482e-17,-0.6966303586959839,alvocidib,BT20
9006987,FBXO5,5.498293798449729e-17,-0.6088648438453674,alvocidib,BT20
9006988,ASTE1,1.0552871274557423e-16,-0.5666287541389465,alvocidib,BT20
9006989,PLK3,1.5381376154553487e-16,-0.6534101963043213,alvocidib,BT20
9006990,MEPCE,2.0856257249473663e-16,-0.7273296117782593,alvocidib,BT20
9006991,PLK1,2.9764772027391487e-16,-0.3256488144397735,alvocidib,BT20
9006992,JADE2,5.625959460019086e-16,-0.6805014610290527,alvocidib,BT20
9006993,RAD51D,5.999783020353071e-16,-0.6467809081077576,alvocidib,BT20
9006994,AURKB,6.7220483839320075e-16,-0.2514541447162628,alvocidib,BT20
9006995,EGR4,8.474702733472265e-16,-0.2397924661636352,alvocidib,BT20
9006996,CDC25B,9.123592343289545e-16,-0.2112449258565902,alvocidib,BT20
9006997,KIN,1.1490417631439828e-15,-0.6958804726600647,alvocidib,BT20
9006998,RHOG,1.212635470760546e-15,-0.2453991472721099,alvocidib,BT20
9006999,HJURP,1.665660148461814e-15,-0.400140643119812,alvocidib,BT20
9007000,PFKM,1.994183581083582e-15,0.3676614463329315,alvocidib,BT20
9007001,CENPN,2.5414066355940425e-15,-0.4951009154319763,alvocidib,BT20
9007002,TTK,2.693335977352243e-15,-0.3905658423900604,alvocidib,BT20
9008983,ITPR2,2.282816429659822e-16,-0.3872904479503631,ALW-II-49-7,BT20
9008984,ZBTB3,4.671499333749943e-16,-0.4655798375606537,ALW-II-49-7,BT20
9008985,GALK2,2.063154642914981e-15,-0.6213473081588745,ALW-II-49-7,BT20
9008986,SP1,3.793409160474623e-15,-0.4633156955242157,ALW-II-49-7,BT20
9008987,IER3,4.0381161569234876e-15,0.2957586944103241,ALW-II-49-7,BT20
9008988,ASTN1,5.345951525719207e-15,-0.342151403427124,ALW-II-49-7,BT20
9008989,CROT,6.456492514123148e-15,-0.8960473537445068,ALW-II-49-7,BT20
9008990,RRAGB,7.27364717312624e-15,-0.6515997648239136,ALW-II-49-7,BT20
9008991,GPD2,7.413514082493321e-15,-0.4564341604709625,ALW-II-49-7,BT20
9008992,KIF24,9.40184472772046e-15,-0.5115419626235962,ALW-II-49-7,BT20
9008993,NDUFAF5,9.49144988253668e-15,-0.493924617767334,ALW-II-49-7,BT20
9008994,TSGA10,1.1634594785782926e-14,-0.6814947128295898,ALW-II-49-7,BT20
9008995,FBXO4,1.2607480822138731e-14,-0.5899443030357361,ALW-II-49-7,BT20
9008996,ZNF613,1.6107664482735903e-14,-0.4156577289104461,ALW-II-49-7,BT20
9008997,HLCS,2.1145555028204124e-14,-0.5336441993713379,ALW-II-49-7,BT20
9008998,ASB1,2.1244778567448716e-14,0.3654361665248871,ALW-II-49-7,BT20
9008999,SNAPC3,2.236692512300333e-14,-0.6374072432518005,ALW-II-49-7,BT20
9009000,MUC1,2.268295288022193e-14,-0.2449889034032821,ALW-II-49-7,BT20
9009001,TAF13,2.57922849224774e-14,-0.5764614343643188,ALW-II-49-7,BT20
9009002,ANKEF1,3.0860216719353373e-14,-0.5763717293739319,ALW-II-49-7,BT20
9010983,FOSL1,8.144179255077265e-29,-0.7127164006233215,neratinib,BT20
9010984,DUSP4,9.033585995519482e-28,-0.6295305490493774,neratinib,BT20
9010985,RRS1,1.340086647202672e-17,-0.2132784277200698,neratinib,BT20
9010986,BAMBI,3.132669905667505e-17,0.1362206190824508,neratinib,BT20
9010987,EGR4,7.190902553129541e-16,-0.1632646918296814,neratinib,BT20
9010988,DDIT4,2.163176983834289e-15,0.301080584526062,neratinib,BT20
9010989,HBEGF,8.25282506622342e-15,-0.260716825723648,neratinib,BT20
9010990,CTH,3.3576688711940123e-14,0.2010145187377929,neratinib,BT20
9010991,PCK2,4.1213000851211687e-14,0.2732734978199005,neratinib,BT20
9010992,ABHD4,6.46202189877581e-14,0.2744058072566986,neratinib,BT20
9010993,TSC22D3,6.69216749344498e-14,0.2489696443080902,neratinib,BT20
9010994,PPARG,1.488146725914962e-13,-0.1135405972599983,neratinib,BT20
9010995,LRRC8E,5.496015920332581e-13,-0.2123257666826248,neratinib,BT20
9010996,KEAP1,2.8387787591603235e-12,0.1221165880560875,neratinib,BT20
9010997,KLHDC2,8.295989604289649e-12,0.2161712944507599,neratinib,BT20
9010998,SLC3A2,1.029183526060086e-11,0.1717355847358703,neratinib,BT20
9010999,PHLDA2,1.0916452610970152e-11,-0.1048114150762558,neratinib,BT20
9011000,HDAC5,1.893439232239e-11,0.2062609940767288,neratinib,BT20
9011001,GADD45B,2.300470459237701e-11,0.1869700103998184,neratinib,BT20
9011002,NFKB1,2.369975146715085e-11,-0.1558571308851242,neratinib,BT20
9012983,AURKB,2.5733296406221068e-18,-0.2120078355073928,AT-7519,BT20
9012984,CDC25B,3.954724040185698e-16,-0.2091483026742935,AT-7519,BT20
9012985,RAB27B,6.962371669791381e-16,-0.3543730974197387,AT-7519,BT20
9012986,CCSER2,1.1896714124602925e-15,-0.3652034997940063,AT-7519,BT20
9012987,IMP3,2.3223469835826865e-15,-0.2973877489566803,AT-7519,BT20
9012988,ROPN1B,5.2646145001729516e-15,-0.333804041147232,AT-7519,BT20
9012989,MAT2A,6.956685526805192e-15,-0.1719004362821579,AT-7519,BT20
9012990,PEX11A,1.6860277576057542e-14,-0.4879063069820404,AT-7519,BT20
9012991,CSTF1,2.8414875555986088e-14,-0.3749916851520538,AT-7519,BT20
9012992,BRF1,6.09262108566664e-14,-0.3170130550861358,AT-7519,BT20
9012993,RBL1,8.05812962172944e-14,-0.2856023609638214,AT-7519,BT20
9012994,RBM23,8.871612579421046e-14,-0.2662538290023803,AT-7519,BT20
9012995,NMT1,1.907753220475276e-13,-0.2853603065013885,AT-7519,BT20
9012996,COL4A1,2.2613900365352082e-13,0.2234105616807937,AT-7519,BT20
9012997,TINF2,2.784271458284552e-13,-0.420145183801651,AT-7519,BT20
9012998,LTA,3.360432851470233e-13,-0.3910568952560425,AT-7519,BT20
9012999,SESN1,4.0224198412863285e-13,-0.3892223834991455,AT-7519,BT20
9013000,PRR4,4.49310108851099e-13,-0.3249357640743255,AT-7519,BT20
9013001,PURA,5.094681758916438e-13,-0.3152367770671844,AT-7519,BT20
9013002,VAV3,5.332491968726737e-13,-0.3650400936603546,AT-7519,BT20
9014983,SHC1,4.262538246514624e-14,-0.251910001039505,tivozanib,BT20
9014984,HNF1A,5.901208039537683e-14,-0.306134432554245,tivozanib,BT20
9014985,RBBP9,6.045785818922145e-14,-0.3559874892234802,tivozanib,BT20
9014986,VPS13D,6.134198096439743e-14,-0.5334213972091675,tivozanib,BT20
9014987,NUP54,6.659738402997745e-14,0.2299749106168747,tivozanib,BT20
9014988,LMTK2,7.697240338874876e-14,-0.536980926990509,tivozanib,BT20
9014989,THRAP3,9.421163721728209e-14,-0.5302910208702087,tivozanib,BT20
9014990,ZNF710,1.8039868593222154e-13,-0.6482965350151062,tivozanib,BT20
9014991,REM1,2.0408374270892415e-13,-0.2647663354873657,tivozanib,BT20
9014992,CABP5,2.647025355247585e-13,-0.5216594934463501,tivozanib,BT20
9014993,NKAPD1,3.136229534494542e-13,0.3328057825565338,tivozanib,BT20
9014994,PNP,3.2564488594257285e-13,0.1605307608842849,tivozanib,BT20
9014995,MBP,3.373259008642389e-13,0.3480720520019531,tivozanib,BT20
9014996,PAX3,3.445310075623033e-13,-0.5002521276473999,tivozanib,BT20
9014997,ORC5,3.510622862348674e-13,0.2260697036981582,tivozanib,BT20
9014998,TTI1,3.7489365219885313e-13,0.3037023246288299,tivozanib,BT20
9014999,KCNQ3,4.47878996689102e-13,-0.8015395402908325,tivozanib,BT20
9015000,TNIP2,4.606126295158836e-13,0.1828855574131012,tivozanib,BT20
9015001,PIGO,4.692985102520901e-13,-0.6540129780769348,tivozanib,BT20
9015002,CXCL14,4.703954902192189e-13,0.312466412782669,tivozanib,BT20
9016983,OR3A1,1.2585145114613098e-12,0.4650385975837707,foretinib,BT20
9016984,LLPH,1.3493579775243925e-12,0.4574111402034759,foretinib,BT20
9016985,SMIM2,6.6763992259785196e-12,0.2971080243587494,foretinib,BT20
9016986,RHD,1.0575761151020602e-11,0.2424014061689376,foretinib,BT20
9016987,ZNF205-AS1,1.159375864968528e-11,0.3302204608917236,foretinib,BT20
9016988,TCP10L,1.2112870656857334e-11,0.5292377471923828,foretinib,BT20
9016989,GYPB,1.5353819413560316e-11,0.3248692452907562,foretinib,BT20
9016990,SHOX,1.6681188604841487e-11,0.2717742621898651,foretinib,BT20
9016991,CCR8,1.774983584970513e-11,0.6017327308654785,foretinib,BT20
9016992,ELOA2,1.8499212996046828e-11,0.368584007024765,foretinib,BT20
9016993,TRPC7,1.935932471149965e-11,0.4962691962718963,foretinib,BT20
9016994,KNL1,2.1818975092719284e-11,0.3631841838359833,foretinib,BT20
9016995,KCNJ1,2.2090241329578223e-11,0.3568052649497986,foretinib,BT20
9016996,SPACA1,2.3065926639708096e-11,0.3214908242225647,foretinib,BT20
9016997,PCDHA2,2.7240282734468296e-11,0.3354628980159759,foretinib,BT20
9016998,OTOF,2.920514389560853e-11,0.4500766098499298,foretinib,BT20
9016999,HTR4,3.0549747393597696e-11,0.3284251391887665,foretinib,BT20
9017000,GYPA,3.067494638338821e-11,0.3020374178886413,foretinib,BT20
9017001,CYSLTR2,3.105356403366268e-11,0.3545632362365722,foretinib,BT20
9017002,KRT35,3.1565509791184684e-11,0.5035106539726257,foretinib,BT20
9018983,FOSL1,7.731225396658392e-18,0.2423663884401321,PLX-4720,BT20
9018984,MYC,1.1473715316878489e-17,0.1191228628158569,PLX-4720,BT20
9018985,PGGHG,2.432135853212204e-11,-0.1666158586740493,PLX-4720,BT20
9018986,TWNK,2.4735668461661533e-11,0.311099112033844,PLX-4720,BT20
9018987,CYCS,6.557358711141282e-11,0.1029026359319686,PLX-4720,BT20
9018988,SPAG7,9.788696455880259e-11,-0.1039118096232414,PLX-4720,BT20
9018989,STRAP,1.6803385516843116e-10,0.1244036629796028,PLX-4720,BT20
9018990,CD44,2.1494939052904788e-10,0.070349209010601,PLX-4720,BT20
9018991,SLC7A1,2.1990733265127262e-10,0.0994194522500038,PLX-4720,BT20
9018992,IER3,3.9305032416354845e-10,0.1397711038589477,PLX-4720,BT20
9018993,AREG,4.3114161085394095e-10,0.1149282902479171,PLX-4720,BT20
9018994,GADD45A,5.62402661760677e-10,0.1395691633224487,PLX-4720,BT20
9018995,RAB4B,1.245245787433301e-09,-0.2109791189432144,PLX-4720,BT20
9018996,RSL24D1,1.4231314306130672e-09,0.1606371700763702,PLX-4720,BT20
9018997,INSIG1,1.7866671404618975e-09,-0.2314933091402053,PLX-4720,BT20
9018998,TTC19,1.928490977136976e-09,0.1549019664525985,PLX-4720,BT20
9018999,SRM,2.957216749163021e-09,0.1539792716503143,PLX-4720,BT20
9019000,ASAP2,4.850488758853848e-09,0.1501504778861999,PLX-4720,BT20
9019001,PHLDA2,5.072029749132133e-09,0.0867022797465324,PLX-4720,BT20
9019002,XPOT,6.060845443364238e-09,0.2002467066049575,PLX-4720,BT20
9020983,BAMBI,1.132083471039489e-22,0.155305415391922,lapatinib,BT20
9020984,ABHD4,1.0308116617647512e-19,0.2927414774894714,lapatinib,BT20
9020985,KLHDC2,1.438414026155371e-15,0.2403318136930465,lapatinib,BT20
9020986,DUSP6,4.767828211379407e-15,-0.1611358821392059,lapatinib,BT20
9020987,FOSL1,4.48760711478013e-14,-0.4465411007404327,lapatinib,BT20
9020988,SYT5,4.444642763961068e-13,-0.28326615691185,lapatinib,BT20
9020989,TLE1,5.328331741377407e-13,0.1733555495738983,lapatinib,BT20
9020990,PSMB8,8.940815874145186e-13,0.0481993779540061,lapatinib,BT20
9020991,GABARAPL2,1.4876979451396386e-12,0.127288669347763,lapatinib,BT20
9020992,IFNA4,2.105126669349004e-12,-0.4334263503551483,lapatinib,BT20
9020993,STEAP1B,2.8616811172758588e-12,-0.3602633476257324,lapatinib,BT20
9020994,BDH2,5.478362154984887e-12,0.1840673685073852,lapatinib,BT20
9020995,SHC1,5.983635388011839e-12,-0.1728480607271194,lapatinib,BT20
9020996,POLR1C,9.808357036007758e-12,-0.135389506816864,lapatinib,BT20
9020997,DUSP4,1.02284720901909e-11,-0.3046838045120239,lapatinib,BT20
9020998,PML,1.7792116858272284e-11,-0.2273992598056793,lapatinib,BT20
9020999,HADH,3.0653807231035454e-11,0.120817981660366,lapatinib,BT20
9021000,UNC93A,3.1365172016384343e-11,-0.3097176253795624,lapatinib,BT20
9021001,EGR4,3.1365172016384343e-11,-0.1327246725559234,lapatinib,BT20
9021002,RRS1,5.93532317485197e-11,-0.1862597018480301,lapatinib,BT20
9022983,ERBB2,2.304475027633647e-13,-0.1251430213451385,enzastaurin,BT20
9022984,SLC11A2,5.010174623537772e-10,-0.1022784933447837,enzastaurin,BT20
9022985,DNAJC2,1.7284152001748387e-09,0.1872222274541854,enzastaurin,BT20
9022986,JUN,1.973136465271387e-09,0.2461802214384079,enzastaurin,BT20
9022987,PUS1,8.1200411523373e-09,0.1149454936385154,enzastaurin,BT20
9022988,IER3,9.333412431899888e-09,0.1247460842132568,enzastaurin,BT20
9022989,PPRC1,9.847405611476268e-09,0.1570556312799453,enzastaurin,BT20
9022990,KIF3B,1.0288315402530717e-08,0.1531016081571579,enzastaurin,BT20
9022991,CADPS2,1.295250122086566e-08,-0.1409172713756561,enzastaurin,BT20
9022992,IFT140,1.3430282354310842e-08,-0.2389346212148666,enzastaurin,BT20
9022993,NOP56,1.3527872396072245e-08,0.0981893464922905,enzastaurin,BT20
9022994,MTMR14,1.3692055421139066e-08,-0.1131921634078025,enzastaurin,BT20
9022995,UBE2G2,1.4368361202609382e-08,0.1447202265262603,enzastaurin,BT20
9022996,SLC7A11,1.4754047484419222e-08,0.1040067598223686,enzastaurin,BT20
9022997,PCCB,2.2399570714877435e-08,-0.0954298749566078,enzastaurin,BT20
9022998,SUOX,2.4544320222212626e-08,-0.1534998416900634,enzastaurin,BT20
9022999,PRDX4,4.4697240989024346e-08,0.2080878168344497,enzastaurin,BT20
9023000,CYTH2,4.4905964414979063e-08,-0.1758610159158706,enzastaurin,BT20
9023001,SLC3A2,4.894219007430126e-08,0.1268339902162552,enzastaurin,BT20
9023002,TMBIM6,5.1986560718924163e-08,-0.1376292556524276,enzastaurin,BT20
9024983,ARRB1,6.2888808957131906e-15,-0.4885901510715484,MLN-8054,BT20
9024984,PRKCH,3.0434975399879875e-14,-0.2484536319971084,MLN-8054,BT20
9024985,PAFAH1B2,3.718781213692394e-14,-0.5330670475959778,MLN-8054,BT20
9024986,RRAGB,4.139800457305714e-14,-0.6877884864807129,MLN-8054,BT20
9024987,THRAP3,4.5630123009738e-14,-0.5827954411506653,MLN-8054,BT20
9024988,NDUFA2,5.958626630959849e-14,-0.6447110176086426,MLN-8054,BT20
9024989,CAPN5,1.220411259523511e-13,-0.5322328805923462,MLN-8054,BT20
9024990,PGGT1B,1.304865323730244e-13,-0.7438284158706665,MLN-8054,BT20
9024991,BMPR1B,1.5866275667635544e-13,-0.4715009331703186,MLN-8054,BT20
9024992,RAB27B,1.7616400744720045e-13,-0.4005291759967804,MLN-8054,BT20
9024993,RBKS,1.9742210103155994e-13,-0.6532139182090759,MLN-8054,BT20
9024994,HNRNPUL2,2.170463271908121e-13,-0.6141604781150818,MLN-8054,BT20
9024995,PPP4R3B,2.2649079506049974e-13,-0.6944465041160583,MLN-8054,BT20
9024996,PEX11A,2.275647785068003e-13,-0.5174424648284912,MLN-8054,BT20
9024997,RAP1GAP,2.3745850045579214e-13,0.359489381313324,MLN-8054,BT20
9024998,ZNF613,2.548949929561754e-13,-0.4029543399810791,MLN-8054,BT20
9024999,LARP6,2.761794598619037e-13,0.293833464384079,MLN-8054,BT20
9025000,IER3,2.8882424625135575e-13,0.281632125377655,MLN-8054,BT20
9025001,KCNAB3,2.9224525153609573e-13,-0.7802013158798218,MLN-8054,BT20
9025002,TSPAN6,3.0777654006790325e-13,-0.5053656101226807,MLN-8054,BT20
9026983,ERBB3,1.497410681698459e-17,0.1812834441661834,alpelisib,BT20
9026984,CEBPD,9.012142857701489e-16,0.2237975597381591,alpelisib,BT20
9026985,PNP,2.786055428839157e-15,-0.2987014353275299,alpelisib,BT20
9026986,CCDC28A,5.011339619539301e-15,0.465643972158432,alpelisib,BT20
9026987,NUP85,1.2054348089889676e-14,-0.1137453317642211,alpelisib,BT20
9026988,CDC25A,2.5138604269373983e-14,-0.3630923628807068,alpelisib,BT20
9026989,PPARG,2.664846679921583e-14,-0.2211381047964096,alpelisib,BT20
9026990,HBP1,3.59745342036845e-14,0.3299582600593567,alpelisib,BT20
9026991,SERINC1,4.996950980666504e-14,0.2635007798671722,alpelisib,BT20
9026992,SLC31A2,5.685517855757896e-14,0.1898236125707626,alpelisib,BT20
9026993,CCNG2,6.802331743936317e-14,0.1520194709300995,alpelisib,BT20
9026994,NAT9,9.203021780757376e-14,-0.4034671783447265,alpelisib,BT20
9026995,SMAD4,9.501970534237773e-14,0.5013758540153503,alpelisib,BT20
9026996,ZNF274,3.0087103659324405e-13,-0.2253003567457199,alpelisib,BT20
9026997,MRPS7,3.62152480182179e-13,-0.21412393450737,alpelisib,BT20
9026998,BRIX1,5.202677153152885e-13,-0.2682519257068634,alpelisib,BT20
9026999,MUS81,5.366515078285769e-13,-0.4551063477993011,alpelisib,BT20
9027000,ANKRA2,7.214265957847566e-13,0.5192065834999084,alpelisib,BT20
9027001,LRP8,9.43147788416941e-13,-0.4380605220794678,alpelisib,BT20
9027002,NXT1,1.4278793653535304e-12,-0.3752549886703491,alpelisib,BT20
9028983,DUSP3,1.0097964594460541e-08,-0.5646463632583618,nintedanib,BT20
9028984,RPN1,2.054557167447444e-08,-0.0836402773857116,nintedanib,BT20
9028985,SOCS3,3.084540338634022e-08,-0.4229124188423157,nintedanib,BT20
9028986,UBE2C,5.1521467192629575e-08,-0.115083985030651,nintedanib,BT20
9028987,SPP1,8.21860837153621e-08,-0.2893358767032623,nintedanib,BT20
9028988,CCDC51,1.0114714471920497e-07,-0.2497690021991729,nintedanib,BT20
9028989,HSD17B10,1.0908493764430937e-07,-0.2462523579597473,nintedanib,BT20
9028990,HMOX1,1.2403745864089944e-07,-0.1578077226877212,nintedanib,BT20
9028991,ICAM3,1.4860385600671078e-07,-0.4307778179645538,nintedanib,BT20
9028992,LIF,1.991940517899877e-07,-0.4877572059631347,nintedanib,BT20
9028993,IFRD2,2.561128771580711e-07,-0.100477397441864,nintedanib,BT20
9028994,SDC4,2.5722032113393536e-07,-0.2125281542539596,nintedanib,BT20
9028995,DPP8,2.852301035703341e-07,0.2197862118482589,nintedanib,BT20
9028996,EIF6,3.161745479635137e-07,-0.2456474304199218,nintedanib,BT20
9028997,IFI16,3.230174815881728e-07,0.2776597142219543,nintedanib,BT20
9028998,SUV39H1,3.548627679409085e-07,-0.4228550791740417,nintedanib,BT20
9028999,FEZ2,3.687457647601184e-07,-0.1585914492607116,nintedanib,BT20
9029000,MEA1,4.032079943360036e-07,-0.1950812637805938,nintedanib,BT20
9029001,COA7,4.136120348662981e-07,-0.3093316555023193,nintedanib,BT20
9029002,TM4SF1,4.2247949060220417e-07,-0.3110761940479278,nintedanib,BT20
9030983,MYC,1.0943004221554792e-11,0.1734425276517868,sorafenib,BT20
9030984,TOMM70,9.810109942376452e-10,0.2647335827350616,sorafenib,BT20
9030985,BID,2.042663341509727e-09,-0.3330870270729065,sorafenib,BT20
9030986,ACAT2,8.320504058964069e-09,-0.1488334238529205,sorafenib,BT20
9030987,NDEL1,1.1373943842753098e-08,0.2687560021877289,sorafenib,BT20
9030988,CCND1,1.3878404102765048e-08,0.2737472057342529,sorafenib,BT20
9030989,DHCR24,1.5144480749982583e-08,-0.117325522005558,sorafenib,BT20
9030990,FDFT1,1.576314927341287e-08,-0.3186396360397339,sorafenib,BT20
9030991,DCBLD2,1.6483660433617333e-08,0.2813892364501953,sorafenib,BT20
9030992,GPR17,1.7645434320161245e-08,-0.4595633447170257,sorafenib,BT20
9030993,GMNN,1.9288685600051898e-08,-0.2584330141544342,sorafenib,BT20
9030994,FOSL1,2.379534532781264e-08,0.3559709787368774,sorafenib,BT20
9030995,POLB,3.3669025173486324e-08,0.2021952420473098,sorafenib,BT20
9030996,RBM28,3.5092533331684386e-08,0.2780543863773346,sorafenib,BT20
9030997,NSA2,3.7942311628351433e-08,0.2897534966468811,sorafenib,BT20
9030998,PABPC1,4.027173923652901e-08,0.2532464265823364,sorafenib,BT20
9030999,CFD,4.235059468849567e-08,-0.42864990234375,sorafenib,BT20
9031000,RBX1,4.2935378276220616e-08,-0.2725416421890259,sorafenib,BT20
9031001,RGS14,5.0593043889508254e-08,-0.3483180999755859,sorafenib,BT20
9031002,MSMO1,6.303025213805994e-08,-0.3262125849723816,sorafenib,BT20
9032983,JUN,1.4221879645591212e-09,-0.5196755528450012,linifanib,BT20
9032984,KCNK1,4.4779199003173575e-08,-0.1390239000320434,linifanib,BT20
9032985,COL1A1,6.629321814668393e-08,0.223051443696022,linifanib,BT20
9032986,HSP90B1,1.2443553438798457e-07,0.2325140535831451,linifanib,BT20
9032987,PLK1,1.485224366055389e-07,0.1239571571350097,linifanib,BT20
9032988,HMOX1,1.7082805024414057e-07,-0.1748265773057937,linifanib,BT20
9032989,ACAT2,2.306407424302119e-07,-0.1321943253278732,linifanib,BT20
9032990,LYL1,2.742987032838968e-07,-0.3267959058284759,linifanib,BT20
9032991,MALT1,2.931314464790193e-07,0.581172525882721,linifanib,BT20
9032992,CTNNA1,3.750998599624093e-07,0.2518329620361328,linifanib,BT20
9032993,ECSIT,4.2398086036919065e-07,-0.3243542611598968,linifanib,BT20
9032994,RANBP9,4.276982372135993e-07,0.2349116504192352,linifanib,BT20
9032995,SENP2,5.201534176658825e-07,0.2701669335365295,linifanib,BT20
9032996,GAL,5.22412439632042e-07,0.2110759317874908,linifanib,BT20
9032997,SOD3,5.871091236848096e-07,-0.411563515663147,linifanib,BT20
9032998,DDX5,6.156241834777792e-07,0.3072065711021423,linifanib,BT20
9032999,TRIM2,6.59495454504921e-07,-0.1452608406543731,linifanib,BT20
9033000,ABCC3,8.064930242337351e-07,-0.2602685987949371,linifanib,BT20
9033001,CD1D,8.633825778240366e-07,0.2363115549087524,linifanib,BT20
9033002,ELOVL1,9.163143679585492e-07,-0.2145256847143173,linifanib,BT20
9034983,MAFK,4.631387764814739e-11,0.2049982696771621,nilotinib,BT20
9034984,RDX,8.381373821657047e-11,0.2322385013103485,nilotinib,BT20
9034985,PHLDA1,9.467980966867195e-11,0.2724515497684479,nilotinib,BT20
9034986,APAF1,9.998697698995679e-11,0.3522486984729767,nilotinib,BT20
9034987,ULBP1,1.3230005735386854e-10,0.2742112278938293,nilotinib,BT20
9034988,SENP2,1.986398786593856e-10,0.2915816903114319,nilotinib,BT20
9034989,SLC4A1,2.0278130354354424e-10,0.1881791651248932,nilotinib,BT20
9034990,TTC38,3.2110464839532916e-10,-0.3938305675983429,nilotinib,BT20
9034991,YY1,4.4998445737200335e-10,0.3425019383430481,nilotinib,BT20
9034992,IQGAP1,5.162869554535879e-10,0.1654365360736847,nilotinib,BT20
9034993,CDH8,5.462778404408766e-10,0.2865600883960724,nilotinib,BT20
9034994,HYDIN,5.698800758092636e-10,0.3287011682987213,nilotinib,BT20
9034995,KCTD20,5.89712816814664e-10,0.3528167307376861,nilotinib,BT20
9034996,RORB,6.86925867929118e-10,0.3228759467601776,nilotinib,BT20
9034997,PIK3C2G,8.456589532867255e-10,0.2885129451751709,nilotinib,BT20
9034998,LCT,8.977459523354122e-10,0.2308916747570037,nilotinib,BT20
9034999,KITLG,9.994972116096667e-10,0.2080782353878021,nilotinib,BT20
9035000,MPL,1.0195365320940983e-09,0.4247323274612427,nilotinib,BT20
9035001,C18orf25,1.0607973384889871e-09,0.3523207902908325,nilotinib,BT20
9035002,PLCB3,1.208841325212469e-09,-0.1228680238127708,nilotinib,BT20
9036983,IER3,3.908753671910913e-20,-0.566637396812439,AZD-8330,BT20
9036984,FOSL1,6.254870407904333e-20,-1.168803572654724,AZD-8330,BT20
9036985,BAMBI,6.802021858811576e-18,0.197890892624855,AZD-8330,BT20
9036986,MYC,2.2471102977277504e-16,-0.2249448895454406,AZD-8330,BT20
9036987,MAFF,2.789032319140782e-16,-0.5092438459396362,AZD-8330,BT20
9036988,CSNK1E,1.7033033627645953e-14,-0.1681330651044845,AZD-8330,BT20
9036989,EPHA2,2.936247696790957e-13,-0.2399785816669464,AZD-8330,BT20
9036990,MAP4K1,1.8627546860943315e-12,0.2495535016059875,AZD-8330,BT20
9036991,NCF4,2.0587449171443576e-12,0.2045047283172607,AZD-8330,BT20
9036992,PLAUR,3.4778833349036764e-12,-0.2510780096054077,AZD-8330,BT20
9036993,LIF,3.908749611089339e-12,-0.5887523293495178,AZD-8330,BT20
9036994,DUSP4,5.442135001923425e-12,-0.8527483344078064,AZD-8330,BT20
9036995,PPAN,7.868033305662922e-12,-0.4750028848648071,AZD-8330,BT20
9036996,PCGF2,9.471740047987358e-12,-0.3022487759590149,AZD-8330,BT20
9036997,POLR2C,1.0809120589846864e-11,-0.1449124217033386,AZD-8330,BT20
9036998,TTLL7,1.3757878816307043e-11,0.3904028534889221,AZD-8330,BT20
9036999,PNP,1.4626328035993997e-11,-0.1905680745840072,AZD-8330,BT20
9037000,TERF1,1.548068845213793e-11,0.3888713121414184,AZD-8330,BT20
9037001,GRK4,1.764314480058689e-11,0.3550934195518493,AZD-8330,BT20
9037002,MRPL12,2.2499048278041263e-11,-0.1188974305987358,AZD-8330,BT20
9038983,IER3,3.249569421167024e-21,-0.503807783126831,erlotinib,BT20
9038984,FOSL1,6.973911747641018e-21,-0.9130669832229614,erlotinib,BT20
9038985,DUSP4,3.355361297699161e-20,-0.7531735897064209,erlotinib,BT20
9038986,MYC,4.909144905193567e-16,-0.1900952011346817,erlotinib,BT20
9038987,BAMBI,3.271845932943964e-15,0.1550239026546478,erlotinib,BT20
9038988,CDC25A,5.095528708478021e-14,-0.2910589575767517,erlotinib,BT20
9038989,MAFF,6.059603936480322e-14,-0.3631119430065155,erlotinib,BT20
9038990,SRP9,7.320932493820327e-14,0.2476674616336822,erlotinib,BT20
9038991,CHERP,4.504967507519362e-13,-0.178884208202362,erlotinib,BT20
9038992,CASP5,4.919277253631616e-13,0.4969306588172912,erlotinib,BT20
9038993,CCNB1,5.322800272520972e-13,0.1182082444429397,erlotinib,BT20
9038994,HTR4,5.358862939449168e-13,0.3642720282077789,erlotinib,BT20
9038995,LIF,6.82970616522334e-13,-0.5192059874534607,erlotinib,BT20
9038996,C5AR2,6.891188716790089e-13,0.3713989555835724,erlotinib,BT20
9038997,GATA3,7.239180088513468e-13,-0.1182149425148963,erlotinib,BT20
9038998,MRPL12,9.296304425073498e-13,-0.1316706836223602,erlotinib,BT20
9038999,JMJD6,1.0298574692174004e-12,-0.2028838098049163,erlotinib,BT20
9039000,PLOD3,1.846464509574182e-12,-0.1435429453849792,erlotinib,BT20
9039001,HOXD12,2.3608663871785064e-12,0.3086650371551513,erlotinib,BT20
9039002,TFPT,2.413106678702863e-12,-0.3824431598186493,erlotinib,BT20
9040983,IER3,1.0901828006443023e-19,-0.5302820801734924,pelitinib,BT20
9040984,DUSP4,5.672313971044694e-19,-0.747617244720459,pelitinib,BT20
9040985,FOSL1,9.616824830351689e-19,-0.7483178973197937,pelitinib,BT20
9040986,MYC,1.327022777021739e-16,-0.2354984432458877,pelitinib,BT20
9040987,GFOD1,8.772825469175448e-13,-0.3421491384506225,pelitinib,BT20
9040988,LIF,1.7904590365971468e-12,-0.534721851348877,pelitinib,BT20
9040989,CCNB2,1.875108113244648e-12,0.0760313495993614,pelitinib,BT20
9040990,HTR4,3.163062384156548e-12,0.3646106421947479,pelitinib,BT20
9040991,CSNK1E,4.437073021362941e-12,-0.1341855376958847,pelitinib,BT20
9040992,NTSR2,8.417430255241853e-12,0.2798980474472046,pelitinib,BT20
9040993,CNKSR2,9.012179373343183e-12,0.379143089056015,pelitinib,BT20
9040994,EVI2A,2.350106219913596e-11,0.2750904262065887,pelitinib,BT20
9040995,CCNB1,3.3414604824327194e-11,0.0950924456119537,pelitinib,BT20
9040996,TLR3,3.5192516631051794e-11,0.4701017439365387,pelitinib,BT20
9040997,IL22,3.6228242650236605e-11,0.2741808891296386,pelitinib,BT20
9040998,SCN10A,4.2480601791279154e-11,0.3461582064628601,pelitinib,BT20
9040999,MEP1B,4.3455922784350495e-11,0.277726948261261,pelitinib,BT20
9041000,MC3R,4.363559266829974e-11,0.4415147006511688,pelitinib,BT20
9041001,PNP,4.777738303257574e-11,-0.1781326085329055,pelitinib,BT20
9041002,PDYN,6.08772508962491e-11,0.2400635331869125,pelitinib,BT20
9042983,IER3,6.417766630960032e-12,-0.6028479933738708,canertinib,BT20
9042984,DUSP4,7.54846057575045e-12,-0.7117112278938293,canertinib,BT20
9042985,JUN,9.99976539867559e-12,-0.7809433341026306,canertinib,BT20
9042986,FOSL1,2.634610718110337e-11,-0.8873140215873718,canertinib,BT20
9042987,LIF,8.990629708481765e-10,-0.6876093745231628,canertinib,BT20
9042988,ACD,3.777626768738182e-09,-0.1611547917127609,canertinib,BT20
9042989,FRAT2,4.81954588641645e-09,0.161961019039154,canertinib,BT20
9042990,SLC43A3,4.844505054612435e-09,-0.2445948272943496,canertinib,BT20
9042991,ADORA2B,6.429093784501673e-09,-0.3905325829982757,canertinib,BT20
9042992,NOTCH3,6.766963326328273e-09,0.1752436012029647,canertinib,BT20
9042993,TP53,8.844293020247172e-09,0.1225879117846489,canertinib,BT20
9042994,HMOX2,9.048759448338163e-09,-0.2206328064203262,canertinib,BT20
9042995,INTS7,9.048759448338163e-09,-0.2954863905906677,canertinib,BT20
9042996,DNMT1,9.281334682461152e-09,-0.1836721152067184,canertinib,BT20
9042997,MAFF,1.3349154265712013e-08,-0.3539960384368896,canertinib,BT20
9042998,DCTPP1,1.4794475021595094e-08,-0.2266076207160949,canertinib,BT20
9042999,RRP7A,1.5828104155209412e-08,-0.3786135017871856,canertinib,BT20
9043000,LAMB3,1.7402473297094283e-08,-0.1849094331264495,canertinib,BT20
9043001,COA7,2.0916293462848373e-08,-0.3318096697330475,canertinib,BT20
9043002,LACTB2,2.3787948624813722e-08,0.2637422084808349,canertinib,BT20
9044983,DUSP4,4.277572046223804e-13,-0.718995213508606,gefitinib,BT20
9044984,IER3,8.264644922604245e-13,-0.3881908059120178,gefitinib,BT20
9044985,FOSL1,2.731690936964662e-12,-0.617098867893219,gefitinib,BT20
9044986,KIF20A,4.994938414987551e-11,0.2738038003444671,gefitinib,BT20
9044987,RANBP9,2.0607803014583927e-10,0.2642606496810913,gefitinib,BT20
9044988,NUDC,3.1497041653396885e-10,-0.2671910524368286,gefitinib,BT20
9044989,RNF126,9.91007989941087e-10,-0.3225051462650299,gefitinib,BT20
9044990,SLC25A22,1.3083755190792294e-09,-0.4403555989265442,gefitinib,BT20
9044991,HMGA1,2.002391147043973e-09,-0.4106100499629974,gefitinib,BT20
9044992,UBE2A,2.669985710546129e-09,0.1683012396097183,gefitinib,BT20
9044993,APBA2,3.432551332706464e-09,-0.3710340857505798,gefitinib,BT20
9044994,BRD8,3.483475131877975e-09,0.2083885073661804,gefitinib,BT20
9044995,DPYSL2,3.4920336310293823e-09,-0.2806201577186584,gefitinib,BT20
9044996,CTNNA1,3.88005708444953e-09,0.3056737780570984,gefitinib,BT20
9044997,EIPR1,4.2994210786789875e-09,-0.2898195683956146,gefitinib,BT20
9044998,JUN,4.6031664485718016e-09,-0.4247114062309265,gefitinib,BT20
9044999,COA7,6.685641094266147e-09,-0.3639587461948395,gefitinib,BT20
9045000,ACD,6.717957866459918e-09,-0.1223966479301452,gefitinib,BT20
9045001,KRT81,7.291159556485931e-09,-0.2859801948070526,gefitinib,BT20
9045002,TTC4,9.71987318323406e-09,-0.2638380825519562,gefitinib,BT20
9046983,HMOX1,1.1502276572489823e-16,-0.230807825922966,mitoxantrone,BT20
9046984,GTSE1,3.0978334528875624e-16,-0.3187729120254516,mitoxantrone,BT20
9046985,DNAJB1,3.3721390353899336e-16,-0.1664890795946121,mitoxantrone,BT20
9046986,CDKN1A,4.096757531766664e-15,0.5746844410896301,mitoxantrone,BT20
9046987,NCOA3,2.5973444361312763e-14,-0.2318159639835357,mitoxantrone,BT20
9046988,SNRPA,3.856650857115464e-14,-0.2649343311786651,mitoxantrone,BT20
9046989,SETD5,4.21146043437498e-14,-0.3144303262233734,mitoxantrone,BT20
9046990,DHFR,7.320546765279849e-14,0.2322550415992736,mitoxantrone,BT20
9046991,CANT1,8.041536881601626e-14,-0.1107895597815513,mitoxantrone,BT20
9046992,NQO1,1.1376596070284586e-13,-0.1437185108661651,mitoxantrone,BT20
9046993,CDCA8,2.426197901750965e-13,-0.2337040305137634,mitoxantrone,BT20
9046994,SGSH,3.565428062280309e-13,-0.2774125933647156,mitoxantrone,BT20
9046995,SERINC1,5.202677153152885e-13,0.2396550923585891,mitoxantrone,BT20
9046996,SDHD,7.639138619498009e-13,0.2056156396865844,mitoxantrone,BT20
9046997,HJURP,9.682702299949921e-13,-0.1840915381908416,mitoxantrone,BT20
9046998,NDE1,1.138353523942842e-12,-0.3852941393852234,mitoxantrone,BT20
9046999,MRPL12,1.4309872924767097e-12,-0.1479367762804031,mitoxantrone,BT20
9047000,CPNE1,1.5108790056172892e-12,-0.1470665633678436,mitoxantrone,BT20
9047001,TROAP,1.844365342781482e-12,-0.2745907604694366,mitoxantrone,BT20
9047002,KIFC1,2.0997132359222014e-12,-0.2497404962778091,mitoxantrone,BT20
9048983,TRIP10,1.3247780058501142e-13,-0.2985458672046661,TG-101348,BT20
9048984,GPR1,1.061479407289835e-12,0.2215903103351593,TG-101348,BT20
9048985,APOC2,1.6265918024833629e-12,0.3203817903995514,TG-101348,BT20
9048986,CDKL3,1.985065207806393e-12,0.3443859815597534,TG-101348,BT20
9048987,ZNF536,3.4414073433078536e-12,0.2478339523077011,TG-101348,BT20
9048988,COLQ,3.485830977640708e-12,0.3749850690364837,TG-101348,BT20
9048989,SPACA1,4.521326862799834e-12,0.3246625363826751,TG-101348,BT20
9048990,TESK2,4.5599465264636094e-12,0.1979745328426361,TG-101348,BT20
9048991,CTNNBL1,5.3810376936642535e-12,-0.3219348490238189,TG-101348,BT20
9048992,RPRD1A,5.782773213688674e-12,0.3558801710605621,TG-101348,BT20
9048993,BEST1,8.01908324261923e-12,0.4346748888492584,TG-101348,BT20
9048994,GTF2A2,1.2813859285923185e-11,0.2223480194807052,TG-101348,BT20
9048995,DMC1,2.236480848310826e-11,0.2261968255043029,TG-101348,BT20
9048996,SMIM2,2.2924003033395595e-11,0.2749078273773193,TG-101348,BT20
9048997,FAM76A,2.5614468369210545e-11,0.3115870356559753,TG-101348,BT20
9048998,NAIP,2.603848725708516e-11,0.1773582547903061,TG-101348,BT20
9048999,HTR4,2.8263808525525368e-11,0.324176013469696,TG-101348,BT20
9049000,SIGLEC7,2.9931216087639693e-11,0.4090091288089752,TG-101348,BT20
9049001,ZNF205-AS1,4.080685555783448e-11,0.2994512319564819,TG-101348,BT20
9049002,SLCO1A2,4.535014427969239e-11,0.2866066396236419,TG-101348,BT20
9050983,CEBPA,1.1593547163047148e-08,-0.3197997212409973,BMS-387032,BT20
9050984,COL4A1,1.4821519750759041e-08,0.3012943863868713,BMS-387032,BT20
9050985,ATP6V1D,1.693424318451172e-08,0.0877540111541748,BMS-387032,BT20
9050986,TOE1,1.9769888666067493e-08,-0.6095521450042725,BMS-387032,BT20
9050987,TIMM10,2.3967797216856745e-08,-0.3397854566574096,BMS-387032,BT20
9050988,SYK,2.703650549009728e-08,0.4793390929698944,BMS-387032,BT20
9050989,AMIGO2,2.9665662738879086e-08,-0.5277830958366394,BMS-387032,BT20
9050990,MED28,3.3987721798905376e-08,-0.2973693311214447,BMS-387032,BT20
9050991,AGFG1,4.020061692883172e-08,-0.4449427127838135,BMS-387032,BT20
9050992,TOX3,4.932910869266784e-08,-0.2973015308380127,BMS-387032,BT20
9050993,BLMH,7.55763767740059e-08,-1.0490916967391968,BMS-387032,BT20
9050994,FAM20B,7.926411136228685e-08,0.2459715157747268,BMS-387032,BT20
9050995,CYP2E1,9.285824401657517e-08,0.4688059389591217,BMS-387032,BT20
9050996,NET1,9.838751855970273e-08,-0.3270132541656494,BMS-387032,BT20
9050997,HLA-DRA,1.188022863384342e-07,0.3528687357902527,BMS-387032,BT20
9050998,TBXT,1.1942418295559586e-07,0.4507447183132171,BMS-387032,BT20
9050999,SCAF8,1.238665091572631e-07,-0.394506424665451,BMS-387032,BT20
9051000,A4GALT,1.291393062535696e-07,0.3499140739440918,BMS-387032,BT20
9051001,GAD1,1.318564925290711e-07,0.3340662121772766,BMS-387032,BT20
9051002,PPP4R1,1.4935889070104e-07,-0.4513783156871795,BMS-387032,BT20
9052983,GPM6B,1.0,0.6048986751139164,pazopanib,BT20
9052984,CXCL5,1.0,0.5699602942764759,pazopanib,BT20
9052985,IL2RG,1.0,0.5255531946495176,pazopanib,BT20
9052986,CSTA,1.0,0.5233824364244938,pazopanib,BT20
9052987,SERPINB2,1.0,0.4985608319193124,pazopanib,BT20
9052988,PURA,1.0,0.4960626955628395,pazopanib,BT20
9052989,SELL,1.0,0.4911565250381827,pazopanib,BT20
9052990,SERPINA1,1.0,0.4790384460249915,pazopanib,BT20
9052991,CALB1,1.0,0.4720281199663877,pazopanib,BT20
9052992,CPD,1.0,0.4416040364205837,pazopanib,BT20
9052993,FGFR3,1.0,0.4256513361996039,pazopanib,BT20
9052994,ZNF395,1.0,0.4141484764516353,pazopanib,BT20
9052995,TKTL1,1.0,0.3990980499468278,pazopanib,BT20
9052996,RASGRP1,1.0,0.398653048383072,pazopanib,BT20
9052997,ATG10,1.0,0.3979372421950102,pazopanib,BT20
9052998,MAL,1.0,0.3959898415587377,pazopanib,BT20
9052999,PPBP,1.0,0.384278022184968,pazopanib,BT20
9053000,MRPL13,1.0,0.3668814032375812,pazopanib,BT20
9053001,PLP1,1.0,0.3660432109236717,pazopanib,BT20
9053002,HP,1.0,0.3658916356600821,pazopanib,BT20
9054983,IQCG,1.0,0.6459088753014803,VX-745,BT20
9054984,CPM,1.0,0.6248595472574234,VX-745,BT20
9054985,IQGAP2,1.0,0.5830539280772209,VX-745,BT20
9054986,BIRC3,1.0,0.5590408893972635,VX-745,BT20
9054987,PPBP,1.0,0.4961123172789812,VX-745,BT20
9054988,CALB1,1.0,0.4720281199663877,VX-745,BT20
9054989,IL6ST,1.0,0.4593295844197274,VX-745,BT20
9054990,CXCL5,1.0,0.4567785095274448,VX-745,BT20
9054991,LYZ,1.0,0.4461836673468351,VX-745,BT20
9054992,TSPAN8,1.0,0.4385578853264451,VX-745,BT20
9054993,PLP1,1.0,0.4300545164942742,VX-745,BT20
9054994,CRIP1,1.0,0.4297856199089437,VX-745,BT20
9054995,MYCBP,1.0,0.4279973304867744,VX-745,BT20
9054996,SPN,1.0,0.4218245851695538,VX-745,BT20
9054997,ZNF395,1.0,0.4115218189656734,VX-745,BT20
9054998,COCH,1.0,0.410507430434227,VX-745,BT20
9054999,GPC3,1.0,0.4043514447817579,VX-745,BT20
9055000,TOR1A,1.0,0.3999026021063327,VX-745,BT20
9055001,TKTL1,1.0,0.3990980499468278,VX-745,BT20
9055002,SERPINA1,1.0,0.3987577248374,VX-745,BT20
